id;name;email;password;birth
1;regional Ladrillo RSS;Alfonso_Rascn53@gmail.com;methodologies Aplicaciones Loan;2022-11-07
2;HTTP;Octavio_Pichardo63@yahoo.com;synthesizing;2022-11-07
3;Borders Account;Graciela.Miranda26@hotmail.com;Exclusivo copy;2022-11-08
4;hack Pelota;Teresa_Contreras@yahoo.com;JSON;2022-11-08
5;cross-platform;Gabriel53@gmail.com;primary;2022-11-07
6;iterate PCI;Ricardo.Gurule@yahoo.com;paradigma Avon Pl√°stico;2022-11-08
7;Intranet plug-and-play;Ignacio_Meza@hotmail.com;Valenciana;2022-11-08
8;Granito Paseo;Luca84@hotmail.com;EXE International;2022-11-08
9;RSS;Lilia_Miranda@hotmail.com;deposit copy;2022-11-07
10;toda payment Director;Gonzalo.Adame2@gmail.com;Negro Blanco Increible;2022-11-07
